Position,Const,Created,Modified,Description,Title,URL,Title Type,IMDb Rating,Runtime (mins),Year,Genres,Num Votes,Release Date,Directors,Your Rating,Date Rated
1,tt0111161,2022-10-19,2022-10-19,,The Shawshank Redemption,https://www.imdb.com/title/tt0111161/,movie,9.3,142,1994,Drama,2651563,1994-09-10,Frank Darabont,,
2,tt0068646,2022-10-19,2022-10-19,,The Godfather,https://www.imdb.com/title/tt0068646/,movie,9.2,175,1972,"Crime, Drama",1838061,1972-03-14,Francis Ford Coppola,,
3,tt0468569,2022-10-19,2022-10-19,,The Dark Knight,https://www.imdb.com/title/tt0468569/,movie,9.0,152,2008,"Action, Crime, Drama, Thriller",2623753,2008-07-14,Christopher Nolan,,
4,tt0071562,2022-10-19,2022-10-19,,The Godfather Part II,https://www.imdb.com/title/tt0071562/,movie,9.0,202,1974,"Crime, Drama",1259474,1974-12-12,Francis Ford Coppola,,
5,tt0050083,2022-10-19,2022-10-19,,12 Angry Men,https://www.imdb.com/title/tt0050083/,movie,9.0,96,1957,"Crime, Drama",782907,1957-04-10,Sidney Lumet,,
6,tt0108052,2022-10-19,2022-10-19,,Schindler's List,https://www.imdb.com/title/tt0108052/,movie,9.0,195,1993,"Biography, Drama, History",1343661,1993-11-30,Steven Spielberg,,
7,tt0167260,2022-10-19,2022-10-19,,The Lord of the Rings: The Return of the King,https://www.imdb.com/title/tt0167260/,movie,9.0,201,2003,"Action, Adventure, Drama, Fantasy",1827482,2003-12-01,Peter Jackson,,
8,tt0110912,2022-10-19,2022-10-19,,Pulp Fiction,https://www.imdb.com/title/tt0110912/,movie,8.9,154,1994,"Crime, Drama",2029694,1994-05-21,Quentin Tarantino,,
9,tt0120737,2022-10-19,2022-10-19,,The Lord of the Rings: The Fellowship of the Ring,https://www.imdb.com/title/tt0120737/,movie,8.8,178,2001,"Action, Adventure, Drama, Fantasy",1854820,2001-12-10,Peter Jackson,,
10,tt0060196,2022-10-19,2022-10-19,,"Il buono, il brutto, il cattivo",https://www.imdb.com/title/tt0060196/,movie,8.8,161,1966,"Adventure, Western",756457,1966-12-23,Sergio Leone,,
11,tt0109830,2022-10-19,2022-10-19,,Forrest Gump,https://www.imdb.com/title/tt0109830/,movie,8.8,142,1994,"Drama, Romance",2053722,1994-06-23,Robert Zemeckis,,
12,tt0137523,2022-10-19,2022-10-19,,Fight Club,https://www.imdb.com/title/tt0137523/,movie,8.8,139,1999,Drama,2096775,1999-09-10,David Fincher,,
13,tt1375666,2022-10-19,2022-10-19,,Inception,https://www.imdb.com/title/tt1375666/,movie,8.8,148,2010,"Action, Adventure, Sci-Fi, Thriller",2325432,2010-07-08,Christopher Nolan,,
14,tt0167261,2022-10-19,2022-10-19,,The Lord of the Rings: The Two Towers,https://www.imdb.com/title/tt0167261/,movie,8.8,179,2002,"Action, Adventure, Drama, Fantasy",1650136,2002-12-05,Peter Jackson,,
15,tt0080684,2022-10-19,2022-10-19,,The Empire Strikes Back,https://www.imdb.com/title/tt0080684/,movie,8.7,124,1980,"Action, Adventure, Fantasy, Sci-Fi",1281213,1980-05-17,Irvin Kershner,,
16,tt0133093,2022-10-19,2022-10-19,,The Matrix,https://www.imdb.com/title/tt0133093/,movie,8.7,136,1999,"Action, Sci-Fi",1895832,1999-03-24,"Lilly Wachowski, Lana Wachowski",,
17,tt0099685,2022-10-19,2022-10-19,,Goodfellas,https://www.imdb.com/title/tt0099685/,movie,8.7,145,1990,"Biography, Crime, Drama",1148946,1990-09-09,Martin Scorsese,,
18,tt0073486,2022-10-19,2022-10-19,,One Flew Over the Cuckoo's Nest,https://www.imdb.com/title/tt0073486/,movie,8.7,133,1975,Drama,1001064,1975-11-19,Milos Forman,,
19,tt0114369,2022-10-19,2022-10-19,,Se7en,https://www.imdb.com/title/tt0114369/,movie,8.6,127,1995,"Crime, Drama, Mystery, Thriller",1632935,1995-09-15,David Fincher,,
20,tt0047478,2022-10-19,2022-10-19,,Shichinin no samurai,https://www.imdb.com/title/tt0047478/,movie,8.6,207,1954,"Action, Drama",344624,1954-04-26,Akira Kurosawa,,
21,tt0038650,2022-10-19,2022-10-19,,It's a Wonderful Life,https://www.imdb.com/title/tt0038650/,movie,8.6,130,1946,"Drama, Family, Fantasy, Romance",452799,1946-12-20,Frank Capra,,
22,tt0102926,2022-10-19,2022-10-19,,The Silence of the Lambs,https://www.imdb.com/title/tt0102926/,movie,8.6,118,1991,"Crime, Drama, Thriller",1417914,1991-01-30,Jonathan Demme,,
23,tt0317248,2022-10-19,2022-10-19,,Cidade de Deus,https://www.imdb.com/title/tt0317248/,movie,8.6,130,2002,"Crime, Drama",752529,2002-05-18,"Kátia Lund, Fernando Meirelles",,
24,tt0120815,2022-10-19,2022-10-19,,Saving Private Ryan,https://www.imdb.com/title/tt0120815/,movie,8.6,169,1998,"Drama, War",1378318,1998-07-21,Steven Spielberg,,
25,tt0118799,2022-10-19,2022-10-19,,La vita è bella,https://www.imdb.com/title/tt0118799/,movie,8.6,116,1997,"Comedy, Drama, Romance, War",689744,1997-12-20,Roberto Benigni,,
26,tt0816692,2022-10-19,2022-10-19,,Interstellar,https://www.imdb.com/title/tt0816692/,movie,8.6,169,2014,"Adventure, Drama, Sci-Fi",1796020,2014-10-26,Christopher Nolan,,
27,tt0120689,2022-10-19,2022-10-19,,The Green Mile,https://www.imdb.com/title/tt0120689/,movie,8.6,189,1999,"Crime, Drama, Fantasy, Mystery",1288145,1999-12-06,Frank Darabont,,
28,tt0076759,2022-10-19,2022-10-19,,Star Wars,https://www.imdb.com/title/tt0076759/,movie,8.6,121,1977,"Action, Adventure, Fantasy, Sci-Fi",1353898,1977-05-25,George Lucas,,
29,tt0103064,2022-10-19,2022-10-19,,Terminator 2: Judgment Day,https://www.imdb.com/title/tt0103064/,movie,8.6,137,1991,"Action, Sci-Fi",1090194,1991-07-01,James Cameron,,
30,tt0088763,2022-10-19,2022-10-19,,Back to the Future,https://www.imdb.com/title/tt0088763/,movie,8.5,116,1985,"Adventure, Comedy, Sci-Fi",1191417,1985-07-03,Robert Zemeckis,,
31,tt0245429,2022-10-19,2022-10-19,,Sen to Chihiro no kamikakushi,https://www.imdb.com/title/tt0245429/,movie,8.6,125,2001,"Animation, Adventure, Family, Fantasy, Mystery",754302,2001-07-20,Hayao Miyazaki,,
32,tt0054215,2022-10-19,2022-10-19,,Psycho,https://www.imdb.com/title/tt0054215/,movie,8.5,109,1960,"Horror, Mystery, Thriller",667204,1960-06-16,Alfred Hitchcock,,
33,tt0253474,2022-10-19,2022-10-19,,The Pianist,https://www.imdb.com/title/tt0253474/,movie,8.5,150,2002,"Biography, Drama, Music, War",824198,2002-05-24,Roman Polanski,,
34,tt6751668,2022-10-19,2022-10-19,,Gisaengchung,https://www.imdb.com/title/tt6751668/,movie,8.5,132,2019,"Drama, Thriller",783645,2019-05-21,Bong Joon Ho,,
35,tt0110413,2022-10-19,2022-10-19,,Léon,https://www.imdb.com/title/tt0110413/,movie,8.5,110,1994,"Action, Crime, Drama, Thriller",1150963,1994-09-14,Luc Besson,,
36,tt0110357,2022-10-19,2022-10-19,,The Lion King,https://www.imdb.com/title/tt0110357/,movie,8.5,88,1994,"Animation, Adventure, Drama, Family, Musical",1048598,1994-06-12,"Rob Minkoff, Roger Allers",,
37,tt0172495,2022-10-19,2022-10-19,,Gladiator,https://www.imdb.com/title/tt0172495/,movie,8.5,155,2000,"Action, Adventure, Drama",1486366,2000-05-01,Ridley Scott,,
38,tt0120586,2022-10-19,2022-10-19,,American History X,https://www.imdb.com/title/tt0120586/,movie,8.5,119,1998,"Crime, Drama",1115079,1998-07-01,Tony Kaye,,
39,tt0407887,2022-10-19,2022-10-19,,The Departed,https://www.imdb.com/title/tt0407887/,movie,8.5,151,2006,"Crime, Drama, Thriller",1313836,2006-09-26,Martin Scorsese,,
40,tt0114814,2022-10-19,2022-10-19,,The Usual Suspects,https://www.imdb.com/title/tt0114814/,movie,8.5,106,1995,"Crime, Drama, Mystery, Thriller",1078063,1995-01-25,Bryan Singer,,
41,tt0482571,2022-10-19,2022-10-19,,The Prestige,https://www.imdb.com/title/tt0482571/,movie,8.5,130,2006,"Drama, Mystery, Sci-Fi, Thriller",1321375,2006-10-17,Christopher Nolan,,
42,tt2582802,2022-10-19,2022-10-19,,Whiplash,https://www.imdb.com/title/tt2582802/,movie,8.5,106,2014,"Drama, Music",845471,2014-01-16,Damien Chazelle,,
43,tt0034583,2022-10-19,2022-10-19,,Casablanca,https://www.imdb.com/title/tt0034583/,movie,8.5,102,1942,"Drama, Romance, War",568784,1942-11-26,Michael Curtiz,,
44,tt1675434,2022-10-19,2022-10-19,,Intouchables,https://www.imdb.com/title/tt1675434/,movie,8.5,112,2011,"Biography, Comedy, Drama",850108,2011-09-23,"Olivier Nakache, Éric Toledano",,
45,tt0056058,2022-10-19,2022-10-19,,Seppuku,https://www.imdb.com/title/tt0056058/,movie,8.6,133,1962,"Action, Drama, Mystery",56753,1962-09-16,Masaki Kobayashi,,
46,tt0095327,2022-10-19,2022-10-19,,Hotaru no haka,https://www.imdb.com/title/tt0095327/,movie,8.5,89,1988,"Animation, Drama, War",275100,1988-04-16,Isao Takahata,,
47,tt0027977,2022-10-19,2022-10-19,,Modern Times,https://www.imdb.com/title/tt0027977/,movie,8.5,87,1936,"Comedy, Drama, Romance",241739,1936-02-05,Charles Chaplin,,
48,tt0064116,2022-10-19,2022-10-19,,C'era una volta il West,https://www.imdb.com/title/tt0064116/,movie,8.5,165,1968,Western,328240,1968-12-20,Sergio Leone,,
49,tt0047396,2022-10-19,2022-10-19,,Rear Window,https://www.imdb.com/title/tt0047396/,movie,8.5,112,1954,"Mystery, Thriller",489325,1954-08-01,Alfred Hitchcock,,
50,tt0078748,2022-10-19,2022-10-19,,Alien,https://www.imdb.com/title/tt0078748/,movie,8.5,117,1979,"Horror, Sci-Fi",874870,1979-05-25,Ridley Scott,,
51,tt0021749,2022-10-19,2022-10-19,,City Lights,https://www.imdb.com/title/tt0021749/,movie,8.5,87,1931,"Comedy, Drama, Romance",184476,1931-01-30,Charles Chaplin,,
52,tt0095765,2022-10-19,2022-10-19,,Nuovo Cinema Paradiso,https://www.imdb.com/title/tt0095765/,movie,8.5,155,1988,"Drama, Romance",259997,1988-09-29,Giuseppe Tornatore,,
53,tt0078788,2022-10-19,2022-10-19,,Apocalypse Now,https://www.imdb.com/title/tt0078788/,movie,8.5,147,1979,"Drama, Mystery, War",663512,1979-05-19,Francis Ford Coppola,,
54,tt0209144,2022-10-19,2022-10-19,,Memento,https://www.imdb.com/title/tt0209144/,movie,8.4,113,2000,"Mystery, Thriller",1229223,2000-09-05,Christopher Nolan,,
55,tt0082971,2022-10-19,2022-10-19,,Raiders of the Lost Ark,https://www.imdb.com/title/tt0082971/,movie,8.4,115,1981,"Action, Adventure",959708,1981-06-12,Steven Spielberg,,
56,tt1853728,2022-10-19,2022-10-19,,Django Unchained,https://www.imdb.com/title/tt1853728/,movie,8.4,165,2012,"Drama, Western",1535374,2012-12-11,Quentin Tarantino,,
57,tt0910970,2022-10-19,2022-10-19,,WALL·E,https://www.imdb.com/title/tt0910970/,movie,8.4,98,2008,"Animation, Adventure, Family, Sci-Fi",1107141,2008-06-21,Andrew Stanton,,
58,tt0405094,2022-10-19,2022-10-19,,Das Leben der Anderen,https://www.imdb.com/title/tt0405094/,movie,8.4,137,2006,"Drama, Mystery, Thriller",388565,2006-03-15,Florian Henckel von Donnersmarck,,
59,tt0043014,2022-10-19,2022-10-19,,Sunset Blvd.,https://www.imdb.com/title/tt0043014/,movie,8.4,110,1950,"Drama, Film-Noir",221537,1950-08-04,Billy Wilder,,
60,tt0050825,2022-10-19,2022-10-19,,Paths of Glory,https://www.imdb.com/title/tt0050825/,movie,8.4,88,1957,"Drama, War",197059,1957-11-01,Stanley Kubrick,,
61,tt0081505,2022-10-19,2022-10-19,,The Shining,https://www.imdb.com/title/tt0081505/,movie,8.4,146,1980,"Drama, Horror",1010970,1980-05-23,Stanley Kubrick,,
62,tt0032553,2022-10-19,2022-10-19,,The Great Dictator,https://www.imdb.com/title/tt0032553/,movie,8.4,125,1940,"Comedy, Drama, War",223533,1940-10-15,Charles Chaplin,,
63,tt0051201,2022-10-19,2022-10-19,,Witness for the Prosecution,https://www.imdb.com/title/tt0051201/,movie,8.4,116,1957,"Crime, Drama, Mystery, Thriller",125253,1957-12-17,Billy Wilder,,
64,tt4154756,2022-10-19,2022-10-19,,Avengers: Infinity War,https://www.imdb.com/title/tt4154756/,movie,8.4,149,2018,"Action, Adventure, Sci-Fi",1063100,2018-04-23,"Anthony Russo, Joe Russo",,
65,tt0090605,2022-10-19,2022-10-19,,Aliens,https://www.imdb.com/title/tt0090605/,movie,8.4,137,1986,"Action, Adventure, Sci-Fi, Thriller",713345,1986-07-14,James Cameron,,
66,tt0169547,2022-10-19,2022-10-19,,American Beauty,https://www.imdb.com/title/tt0169547/,movie,8.4,122,1999,Drama,1148476,1999-09-08,Sam Mendes,,
67,tt4633694,2022-10-19,2022-10-19,,Spider-Man: Into the Spider-Verse,https://www.imdb.com/title/tt4633694/,movie,8.4,117,2018,"Animation, Action, Adventure, Comedy, Family, Fantasy, Sci-Fi",518705,2018-12-06,"Bob Persichetti, Rodney Rothman, Peter Ramsey",,
68,tt0057012,2022-10-19,2022-10-19,,Dr. Strangelove or: How I Learned to Stop Worrying and Love the Bomb,https://www.imdb.com/title/tt0057012/,movie,8.4,95,1964,"Comedy, War",489076,1964-01-29,Stanley Kubrick,,
69,tt1345836,2022-10-19,2022-10-19,,The Dark Knight Rises,https://www.imdb.com/title/tt1345836/,movie,8.4,164,2012,"Action, Drama",1689654,2012-07-16,Christopher Nolan,,
70,tt0364569,2022-10-19,2022-10-19,,Oldeuboi,https://www.imdb.com/title/tt0364569/,movie,8.4,120,2003,"Action, Drama, Mystery, Thriller",575002,2003-11-21,Park Chan-wook,,
71,tt7286456,2022-10-19,2022-10-19,,Joker,https://www.imdb.com/title/tt7286456/,movie,8.4,122,2019,"Crime, Drama, Thriller",1253424,2019-08-31,Todd Phillips,,
72,tt0086879,2022-10-19,2022-10-19,,Amadeus,https://www.imdb.com/title/tt0086879/,movie,8.4,160,1984,"Biography, Drama, Music",399776,1984-09-06,Milos Forman,,
73,tt0114709,2022-10-19,2022-10-19,,Toy Story,https://www.imdb.com/title/tt0114709/,movie,8.3,81,1995,"Animation, Adventure, Comedy, Family, Fantasy",986174,1995-11-19,John Lasseter,,
74,tt0361748,2022-10-19,2022-10-19,,Inglourious Basterds,https://www.imdb.com/title/tt0361748/,movie,8.3,153,2009,"Adventure, Drama, War",1432047,2009-05-20,Quentin Tarantino,,
75,tt0112573,2022-10-19,2022-10-19,,Braveheart,https://www.imdb.com/title/tt0112573/,movie,8.4,178,1995,"Biography, Drama, History, War",1032221,1995-05-18,Mel Gibson,,
76,tt2380307,2022-10-19,2022-10-19,,Coco,https://www.imdb.com/title/tt2380307/,movie,8.4,105,2017,"Animation, Adventure, Comedy, Family, Fantasy, Music, Mystery",499018,2017-10-20,"Adrian Molina, Lee Unkrich",,
77,tt0082096,2022-10-19,2022-10-19,,Das Boot,https://www.imdb.com/title/tt0082096/,movie,8.4,149,1981,"Drama, War",250747,1981-09-17,Wolfgang Petersen,,
78,tt1745960,2022-10-19,2022-10-19,,Top Gun: Maverick,https://www.imdb.com/title/tt1745960/,movie,8.4,130,2022,"Action, Drama",402598,2022-05-18,Joseph Kosinski,,
79,tt4154796,2022-10-19,2022-10-19,,Avengers: Endgame,https://www.imdb.com/title/tt4154796/,movie,8.4,181,2019,"Action, Adventure, Drama, Sci-Fi",1109248,2019-04-22,"Anthony Russo, Joe Russo",,
80,tt0119698,2022-10-19,2022-10-19,,Mononoke-hime,https://www.imdb.com/title/tt0119698/,movie,8.4,134,1997,"Animation, Action, Adventure, Fantasy",392035,1997-07-12,Hayao Miyazaki,,
81,tt0087843,2022-10-19,2022-10-19,,Once Upon a Time in America,https://www.imdb.com/title/tt0087843/,movie,8.3,229,1984,"Crime, Drama",350663,1984-05-20,Sergio Leone,,
82,tt0119217,2022-10-19,2022-10-19,,Good Will Hunting,https://www.imdb.com/title/tt0119217/,movie,8.3,126,1997,"Drama, Romance",958856,1997-12-02,Gus Van Sant,,
83,tt5311514,2022-10-19,2022-10-19,,Kimi no na wa.,https://www.imdb.com/title/tt5311514/,movie,8.4,106,2016,"Animation, Drama, Fantasy, Romance",264302,2016-07-03,Makoto Shinkai,,
84,tt0180093,2022-10-19,2022-10-19,,Requiem for a Dream,https://www.imdb.com/title/tt0180093/,movie,8.3,102,2000,Drama,836612,2000-05-14,Darren Aronofsky,,
85,tt0435761,2022-10-19,2022-10-19,,Toy Story 3,https://www.imdb.com/title/tt0435761/,movie,8.3,103,2010,"Animation, Adventure, Comedy, Family, Fantasy",830950,2010-06-12,Lee Unkrich,,
86,tt0045152,2022-10-19,2022-10-19,,Singin' in the Rain,https://www.imdb.com/title/tt0045152/,movie,8.3,103,1952,"Comedy, Musical, Romance",241804,1952-03-27,"Gene Kelly, Stanley Donen",,
87,tt1187043,2022-10-19,2022-10-19,,3 Idiots,https://www.imdb.com/title/tt1187043/,movie,8.4,170,2009,"Comedy, Drama",397833,2009-11-09,Rajkumar Hirani,,
88,tt0057565,2022-10-19,2022-10-19,,Tengoku to jigoku,https://www.imdb.com/title/tt0057565/,movie,8.4,143,1963,"Crime, Drama, Mystery, Thriller",44941,1963-03-01,Akira Kurosawa,,
89,tt0086190,2022-10-19,2022-10-19,,Star Wars: Episode VI - Return of the Jedi,https://www.imdb.com/title/tt0086190/,movie,8.3,131,1983,"Action, Adventure, Fantasy, Sci-Fi",1046044,1983-05-23,Richard Marquand,,
90,tt0062622,2022-10-19,2022-10-19,,2001: A Space Odyssey,https://www.imdb.com/title/tt0062622/,movie,8.3,149,1968,"Adventure, Sci-Fi",664752,1968-04-02,Stanley Kubrick,,
91,tt0338013,2022-10-19,2022-10-19,,Eternal Sunshine of the Spotless Mind,https://www.imdb.com/title/tt0338013/,movie,8.3,108,2004,"Drama, Romance, Sci-Fi",1000035,2004-03-09,Michel Gondry,,
92,tt0105236,2022-10-19,2022-10-19,,Reservoir Dogs,https://www.imdb.com/title/tt0105236/,movie,8.3,99,1992,"Crime, Thriller",1010123,1992-01-21,Quentin Tarantino,,
93,tt8267604,2022-10-19,2022-10-19,,Capharnaüm,https://www.imdb.com/title/tt8267604/,movie,8.4,126,2018,Drama,88914,2018-05-17,Nadine Labaki,,
94,tt2106476,2022-10-19,2022-10-19,,Jagten,https://www.imdb.com/title/tt2106476/,movie,8.3,115,2012,Drama,327947,2012-05-20,Thomas Vinterberg,,
95,tt0033467,2022-10-19,2022-10-19,,Citizen Kane,https://www.imdb.com/title/tt0033467/,movie,8.3,119,1941,"Drama, Mystery",440801,1941-05-01,Orson Welles,,
96,tt0056172,2022-10-19,2022-10-19,,Lawrence of Arabia,https://www.imdb.com/title/tt0056172/,movie,8.3,218,1962,"Adventure, Biography, Drama, War",293057,1962-12-10,David Lean,,
97,tt0022100,2022-10-19,2022-10-19,,M - Eine Stadt sucht einen Mörder,https://www.imdb.com/title/tt0022100/,movie,8.3,117,1931,"Crime, Mystery, Thriller",157873,1931-05-11,Fritz Lang,,
98,tt0091251,2022-10-19,2022-10-19,,Idi i smotri,https://www.imdb.com/title/tt0091251/,movie,8.4,142,1985,"Drama, Thriller, War",79024,1985-07-09,Elem Klimov,,
99,tt0053125,2022-10-19,2022-10-19,,North by Northwest,https://www.imdb.com/title/tt0053125/,movie,8.3,136,1959,"Action, Adventure, Mystery, Thriller",327139,1959-07-01,Alfred Hitchcock,,
100,tt0052357,2022-10-19,2022-10-19,,Vertigo,https://www.imdb.com/title/tt0052357/,movie,8.3,128,1958,"Mystery, Romance, Thriller",400981,1958-05-09,Alfred Hitchcock,,
101,tt0211915,2022-10-19,2022-10-19,,Le fabuleux destin d'Amélie Poulain,https://www.imdb.com/title/tt0211915/,movie,8.3,122,2001,"Comedy, Romance",753523,2001-04-25,Jean-Pierre Jeunet,,
102,tt0066921,2022-10-19,2022-10-19,,A Clockwork Orange,https://www.imdb.com/title/tt0066921/,movie,8.3,136,1971,"Crime, Sci-Fi",824789,1971-12-19,Stanley Kubrick,,
103,tt0053604,2022-10-19,2022-10-19,,The Apartment,https://www.imdb.com/title/tt0053604/,movie,8.3,125,1960,"Comedy, Drama, Romance",181327,1960-06-15,Billy Wilder,,
104,tt0036775,2022-10-19,2022-10-19,,Double Indemnity,https://www.imdb.com/title/tt0036775/,movie,8.3,107,1944,"Crime, Drama, Film-Noir, Mystery, Thriller",157296,1944-04-24,Billy Wilder,,
105,tt0093058,2022-10-19,2022-10-19,,Full Metal Jacket,https://www.imdb.com/title/tt0093058/,movie,8.3,116,1987,"Drama, War",738385,1987-06-17,Stanley Kubrick,,
106,tt0044741,2022-10-19,2022-10-19,,Ikiru,https://www.imdb.com/title/tt0044741/,movie,8.3,143,1952,Drama,78501,1952-10-09,Akira Kurosawa,,
107,tt0086250,2022-10-19,2022-10-19,,Scarface,https://www.imdb.com/title/tt0086250/,movie,8.3,170,1983,"Crime, Drama",833321,1983-12-01,Brian De Palma,,
108,tt8503618,2022-10-19,2022-10-19,,Hamilton,https://www.imdb.com/title/tt8503618/,movie,8.4,160,2020,"Biography, Drama, History, Musical",93200,2020-07-03,Thomas Kail,,
109,tt0070735,2022-10-19,2022-10-19,,The Sting,https://www.imdb.com/title/tt0070735/,movie,8.3,129,1973,"Comedy, Crime, Drama",261754,1973-12-25,George Roy Hill,,
110,tt0056592,2022-10-19,2022-10-19,,To Kill a Mockingbird,https://www.imdb.com/title/tt0056592/,movie,8.3,129,1962,"Crime, Drama",316034,1962-12-20,Robert Mulligan,,
111,tt0113277,2022-10-19,2022-10-19,,Heat,https://www.imdb.com/title/tt0113277/,movie,8.3,170,1995,"Action, Crime, Drama",650818,1995-12-06,Michael Mann,,
112,tt1049413,2022-10-19,2022-10-19,,Up,https://www.imdb.com/title/tt1049413/,movie,8.3,96,2009,"Animation, Adventure, Comedy, Drama, Family",1035995,2009-05-13,"Pete Docter, Bob Peterson",,
113,tt0075314,2022-10-19,2022-10-19,,Taxi Driver,https://www.imdb.com/title/tt0075314/,movie,8.2,114,1976,"Crime, Drama",823206,1976-02-08,Martin Scorsese,,
114,tt1255953,2022-10-19,2022-10-19,,Incendies,https://www.imdb.com/title/tt1255953/,movie,8.3,131,2010,"Drama, Mystery",176976,2010-09-03,Denis Villeneuve,,
115,tt0017136,2022-10-19,2022-10-19,,Metropolis,https://www.imdb.com/title/tt0017136/,movie,8.3,153,1927,"Drama, Sci-Fi",174254,1927-01-10,Fritz Lang,,
116,tt1832382,2022-10-19,2022-10-19,,Jodaeiye Nader az Simin,https://www.imdb.com/title/tt1832382/,movie,8.3,123,2011,Drama,244815,2011-02-01,Asghar Farhadi,,
117,tt0119488,2022-10-19,2022-10-19,,L.A. Confidential,https://www.imdb.com/title/tt0119488/,movie,8.2,138,1997,"Crime, Drama, Mystery, Thriller",581066,1997-05-14,Curtis Hanson,,
118,tt0208092,2022-10-19,2022-10-19,,Snatch,https://www.imdb.com/title/tt0208092/,movie,8.2,104,2000,"Comedy, Crime",851170,2000-08-23,Guy Ritchie,,
119,tt0040522,2022-10-19,2022-10-19,,Ladri di biciclette,https://www.imdb.com/title/tt0040522/,movie,8.3,89,1948,Drama,163465,1948-11-21,Vittorio De Sica,,
120,tt0095016,2022-10-19,2022-10-19,,Die Hard,https://www.imdb.com/title/tt0095016/,movie,8.2,132,1988,"Action, Thriller",870909,1988-07-12,John McTiernan,,
121,tt0097576,2022-10-19,2022-10-19,,Indiana Jones and the Last Crusade,https://www.imdb.com/title/tt0097576/,movie,8.2,127,1989,"Action, Adventure",750636,1989-05-24,Steven Spielberg,,
122,tt8579674,2022-10-19,2022-10-19,,1917,https://www.imdb.com/title/tt8579674/,movie,8.2,119,2019,"Action, Drama, War",577998,2019-12-04,Sam Mendes,,
123,tt0986264,2022-10-19,2022-10-19,,Taare Zameen Par,https://www.imdb.com/title/tt0986264/,movie,8.4,165,2007,"Drama, Family",193016,2007-12-21,"Aamir Khan, Amole Gupte",,
124,tt0363163,2022-10-19,2022-10-19,,Der Untergang,https://www.imdb.com/title/tt0363163/,movie,8.2,156,2004,"Biography, Drama, History, War",355160,2004-09-08,Oliver Hirschbiegel,,
125,tt0059578,2022-10-19,2022-10-19,,Per qualche dollaro in più,https://www.imdb.com/title/tt0059578/,movie,8.2,132,1965,Western,256223,1965-12-18,Sergio Leone,,
126,tt0372784,2022-10-19,2022-10-19,,Batman Begins,https://www.imdb.com/title/tt0372784/,movie,8.2,140,2005,"Action, Crime, Drama",1458018,2005-05-31,Christopher Nolan,,
127,tt5074352,2022-10-19,2022-10-19,,Dangal,https://www.imdb.com/title/tt5074352/,movie,8.3,161,2016,"Action, Biography, Drama, Sport",190178,2016-12-21,Nitesh Tiwari,,
128,tt0012349,2022-10-19,2022-10-19,,The Kid,https://www.imdb.com/title/tt0012349/,movie,8.3,68,1921,"Comedy, Drama, Family",126509,1921-01-16,Charles Chaplin,,
129,tt0053291,2022-10-19,2022-10-19,,Some Like It Hot,https://www.imdb.com/title/tt0053291/,movie,8.2,121,1959,"Comedy, Music, Romance",266809,1959-03-19,Billy Wilder,,
130,tt0042192,2022-10-19,2022-10-19,,All About Eve,https://www.imdb.com/title/tt0042192/,movie,8.2,138,1950,Drama,131534,1950-10-13,Joseph L. Mankiewicz,,
131,tt10272386,2022-10-19,2022-10-19,,The Father,https://www.imdb.com/title/tt10272386/,movie,8.2,97,2020,"Drama, Mystery",149763,2020-01-27,Florian Zeller,,
132,tt6966692,2022-10-19,2022-10-19,,Green Book,https://www.imdb.com/title/tt6966692/,movie,8.2,130,2018,"Biography, Comedy, Drama, Music",484127,2018-09-11,Peter Farrelly,,
133,tt0993846,2022-10-19,2022-10-19,,The Wolf of Wall Street,https://www.imdb.com/title/tt0993846/,movie,8.2,180,2013,"Biography, Comedy, Crime, Drama",1387769,2013-12-09,Martin Scorsese,,
134,tt0055031,2022-10-19,2022-10-19,,Judgment at Nuremberg,https://www.imdb.com/title/tt0055031/,movie,8.3,179,1961,"Drama, War",77809,1961-12-14,Stanley Kramer,,
135,tt0089881,2022-10-19,2022-10-19,,Ran,https://www.imdb.com/title/tt0089881/,movie,8.2,162,1985,"Action, Drama, War",125698,1985-05-25,Akira Kurosawa,,
136,tt0112641,2022-10-19,2022-10-19,,Casino,https://www.imdb.com/title/tt0112641/,movie,8.2,178,1995,"Crime, Drama",517068,1995-11-14,Martin Scorsese,,
137,tt0457430,2022-10-19,2022-10-19,,El laberinto del fauno,https://www.imdb.com/title/tt0457430/,movie,8.2,118,2006,"Drama, Fantasy, War",666053,2006-05-27,Guillermo del Toro,,
138,tt0105695,2022-10-19,2022-10-19,,Unforgiven,https://www.imdb.com/title/tt0105695/,movie,8.2,130,1992,"Drama, Western",410960,1992-08-03,Clint Eastwood,,
139,tt0469494,2022-10-19,2022-10-19,,There Will Be Blood,https://www.imdb.com/title/tt0469494/,movie,8.2,158,2007,Drama,583147,2007-09-27,Paul Thomas Anderson,,
140,tt10872600,2022-10-19,2022-10-19,,Spider-Man: No Way Home,https://www.imdb.com/title/tt10872600/,movie,8.3,148,2021,"Action, Adventure, Fantasy, Sci-Fi",735636,2021-12-13,Jon Watts,,
141,tt0120382,2022-10-19,2022-10-19,,The Truman Show,https://www.imdb.com/title/tt0120382/,movie,8.2,103,1998,"Comedy, Drama",1068189,1998-06-01,Peter Weir,,
142,tt0167404,2022-10-19,2022-10-19,,The Sixth Sense,https://www.imdb.com/title/tt0167404/,movie,8.2,107,1999,"Drama, Mystery, Thriller",986113,1999-08-02,M. Night Shyamalan,,
143,tt0268978,2022-10-19,2022-10-19,,A Beautiful Mind,https://www.imdb.com/title/tt0268978/,movie,8.2,135,2001,"Biography, Drama",927454,2001-12-13,Ron Howard,,
144,tt0055630,2022-10-19,2022-10-19,,Yôjinbô,https://www.imdb.com/title/tt0055630/,movie,8.2,110,1961,"Action, Drama, Thriller",123018,1961-04-25,Akira Kurosawa,,
145,tt0071853,2022-10-19,2022-10-19,,Monty Python and the Holy Grail,https://www.imdb.com/title/tt0071853/,movie,8.2,91,1975,"Adventure, Comedy, Fantasy",539837,1975-03-14,"Terry Jones, Terry Gilliam",,
146,tt0040897,2022-10-19,2022-10-19,,The Treasure of the Sierra Madre,https://www.imdb.com/title/tt0040897/,movie,8.2,126,1948,"Adventure, Drama, Western",125134,1948-01-14,John Huston,,
147,tt1130884,2022-10-19,2022-10-19,,Shutter Island,https://www.imdb.com/title/tt1130884/,movie,8.2,138,2010,"Mystery, Thriller",1296636,2010-02-13,Martin Scorsese,,
148,tt0107290,2022-10-19,2022-10-19,,Jurassic Park,https://www.imdb.com/title/tt0107290/,movie,8.2,127,1993,"Action, Adventure, Sci-Fi, Thriller",981250,1993-06-09,Steven Spielberg,,
149,tt0042876,2022-10-19,2022-10-19,,Rashômon,https://www.imdb.com/title/tt0042876/,movie,8.2,88,1950,"Crime, Drama, Mystery",168514,1950-08-26,Akira Kurosawa,,
150,tt0057115,2022-10-19,2022-10-19,,The Great Escape,https://www.imdb.com/title/tt0057115/,movie,8.2,172,1963,"Adventure, Drama, History, Thriller, War",244319,1963-06-20,John Sturges,,
151,tt0266697,2022-10-19,2022-10-19,,Kill Bill: Vol. 1,https://www.imdb.com/title/tt0266697/,movie,8.2,111,2003,"Action, Crime, Drama, Thriller",1106671,2003-09-29,Quentin Tarantino,,
152,tt0477348,2022-10-19,2022-10-19,,No Country for Old Men,https://www.imdb.com/title/tt0477348/,movie,8.2,122,2007,"Crime, Drama, Thriller",963903,2007-05-19,"Ethan Coen, Joel Coen",,
153,tt0266543,2022-10-19,2022-10-19,,Finding Nemo,https://www.imdb.com/title/tt0266543/,movie,8.2,100,2003,"Animation, Adventure, Comedy, Family",1036797,2003-05-18,"Andrew Stanton, Lee Unkrich",,
154,tt0080678,2022-10-19,2022-10-19,,The Elephant Man,https://www.imdb.com/title/tt0080678/,movie,8.2,124,1980,"Biography, Drama",240859,1980-10-02,David Lynch,,
155,tt0071315,2022-10-19,2022-10-19,,Chinatown,https://www.imdb.com/title/tt0071315/,movie,8.2,130,1974,"Drama, Mystery, Thriller",325904,1974-06-19,Roman Polanski,,
156,tt0084787,2022-10-19,2022-10-19,,The Thing,https://www.imdb.com/title/tt0084787/,movie,8.2,109,1982,"Horror, Mystery, Sci-Fi",421517,1982-06-25,John Carpenter,,
157,tt0081398,2022-10-19,2022-10-19,,Raging Bull,https://www.imdb.com/title/tt0081398/,movie,8.2,129,1980,"Biography, Drama, Sport",352977,1980-11-13,Martin Scorsese,,
158,tt0031381,2022-10-19,2022-10-19,,Gone with the Wind,https://www.imdb.com/title/tt0031381/,movie,8.2,238,1939,"Drama, Romance, War",315024,1939-12-15,"Sam Wood, George Cukor, Victor Fleming",,
159,tt0434409,2022-10-19,2022-10-19,,V for Vendetta,https://www.imdb.com/title/tt0434409/,movie,8.2,132,2005,"Action, Drama, Sci-Fi, Thriller",1115537,2005-12-11,James McTeigue,,
160,tt2096673,2022-10-19,2022-10-19,,Inside Out,https://www.imdb.com/title/tt2096673/,movie,8.2,95,2015,"Animation, Adventure, Comedy, Drama, Family, Fantasy",707161,2015-05-18,"Pete Docter, Ronnie Del Carmen",,
161,tt0120735,2022-10-19,2022-10-19,,"Lock, Stock and Two Smoking Barrels",https://www.imdb.com/title/tt0120735/,movie,8.2,107,1998,"Action, Comedy, Crime",580059,1998-08-23,Guy Ritchie,,
162,tt0046912,2022-10-19,2022-10-19,,Dial M for Murder,https://www.imdb.com/title/tt0046912/,movie,8.2,105,1954,"Crime, Thriller",175813,1954-05-19,Alfred Hitchcock,,
163,tt1305806,2022-10-19,2022-10-19,,El secreto de sus ojos,https://www.imdb.com/title/tt1305806/,movie,8.2,129,2009,"Drama, Mystery, Romance, Thriller",209490,2009-08-13,Juan José Campanella,,
164,tt0347149,2022-10-19,2022-10-19,,Hauru no ugoku shiro,https://www.imdb.com/title/tt0347149/,movie,8.2,119,2004,"Animation, Adventure, Family, Fantasy",392150,2004-09-05,Hayao Miyazaki,,
165,tt0050212,2022-10-19,2022-10-19,,The Bridge on the River Kwai,https://www.imdb.com/title/tt0050212/,movie,8.2,161,1957,"Adventure, Drama, War",220574,1957-10-02,David Lean,,
166,tt5027774,2022-10-19,2022-10-19,,"Three Billboards Outside Ebbing, Missouri",https://www.imdb.com/title/tt5027774/,movie,8.1,115,2017,"Comedy, Crime, Drama",502313,2017-09-04,Martin McDonagh,,
167,tt0117951,2022-10-19,2022-10-19,,Trainspotting,https://www.imdb.com/title/tt0117951/,movie,8.1,93,1996,Drama,684305,1996-02-23,Danny Boyle,,
168,tt1291584,2022-10-19,2022-10-19,,Warrior,https://www.imdb.com/title/tt1291584/,movie,8.2,140,2011,"Action, Drama, Sport",471144,2011-09-09,Gavin O'Connor,,
169,tt1205489,2022-10-19,2022-10-19,,Gran Torino,https://www.imdb.com/title/tt1205489/,movie,8.1,116,2008,Drama,772747,2008-12-09,Clint Eastwood,,
170,tt0116282,2022-10-19,2022-10-19,,Fargo,https://www.imdb.com/title/tt0116282/,movie,8.1,98,1996,"Crime, Thriller",674935,1996-03-08,"Ethan Coen, Joel Coen",,
171,tt1392214,2022-10-19,2022-10-19,,Prisoners,https://www.imdb.com/title/tt1392214/,movie,8.1,153,2013,"Crime, Drama, Mystery, Thriller",703172,2013-08-30,Denis Villeneuve,,
172,tt0096283,2022-10-19,2022-10-19,,Tonari no Totoro,https://www.imdb.com/title/tt0096283/,movie,8.1,86,1988,"Animation, Comedy, Family, Fantasy",336958,1988-04-16,Hayao Miyazaki,,
173,tt0405159,2022-10-19,2022-10-19,,Million Dollar Baby,https://www.imdb.com/title/tt0405159/,movie,8.1,132,2004,"Drama, Sport",685091,2004-12-05,Clint Eastwood,,
174,tt0264464,2022-10-19,2022-10-19,,Catch Me If You Can,https://www.imdb.com/title/tt0264464/,movie,8.1,141,2002,"Biography, Crime, Drama",970140,2002-12-16,Steven Spielberg,,
175,tt0015864,2022-10-19,2022-10-19,,The Gold Rush,https://www.imdb.com/title/tt0015864/,movie,8.2,95,1925,"Adventure, Comedy, Drama, Western",111485,1925-06-26,Charles Chaplin,,
176,tt0118849,2022-10-19,2022-10-19,,Bacheha-Ye aseman,https://www.imdb.com/title/tt0118849/,movie,8.2,89,1997,"Drama, Family, Sport",74943,1997-02-01,Majid Majidi,,
177,tt0083658,2022-10-19,2022-10-19,,Blade Runner,https://www.imdb.com/title/tt0083658/,movie,8.1,117,1982,"Action, Drama, Sci-Fi, Thriller",764596,1982-06-25,Ridley Scott,,
178,tt0047296,2022-10-19,2022-10-19,,On the Waterfront,https://www.imdb.com/title/tt0047296/,movie,8.1,108,1954,"Crime, Drama, Thriller",155261,1954-06-22,Elia Kazan,,
179,tt0041959,2022-10-19,2022-10-19,,The Third Man,https://www.imdb.com/title/tt0041959/,movie,8.1,104,1949,"Film-Noir, Mystery, Thriller",171780,1949-09-01,Carol Reed,,
180,tt2024544,2022-10-19,2022-10-19,,12 Years a Slave,https://www.imdb.com/title/tt2024544/,movie,8.1,134,2013,"Biography, Drama, History",697676,2013-08-30,Steve McQueen,,
181,tt0112471,2022-10-19,2022-10-19,,Before Sunrise,https://www.imdb.com/title/tt0112471/,movie,8.1,101,1995,"Drama, Romance",306689,1995-01-19,Richard Linklater,,
182,tt0050986,2022-10-19,2022-10-19,,Smultronstället,https://www.imdb.com/title/tt0050986/,movie,8.1,91,1957,"Drama, Romance",107505,1957-12-26,Ingmar Bergman,,
183,tt1201607,2022-10-19,2022-10-19,,Harry Potter and the Deathly Hallows: Part 2,https://www.imdb.com/title/tt1201607/,movie,8.1,130,2011,"Adventure, Family, Fantasy, Mystery",867936,2011-07-07,David Yates,,
184,tt0052618,2022-10-19,2022-10-19,,Ben-Hur,https://www.imdb.com/title/tt0052618/,movie,8.1,212,1959,"Adventure, Drama",239191,1959-11-18,William Wyler,,
185,tt2267998,2022-10-19,2022-10-19,,Gone Girl,https://www.imdb.com/title/tt2267998/,movie,8.1,149,2014,"Drama, Mystery, Thriller",974409,2014-09-26,David Fincher,,
186,tt0017925,2022-10-19,2022-10-19,,The General,https://www.imdb.com/title/tt0017925/,movie,8.2,67,1926,"Action, Adventure, Comedy, Drama, War",91565,1926-12-25,"Buster Keaton, Clyde Bruckman",,
187,tt0077416,2022-10-19,2022-10-19,,The Deer Hunter,https://www.imdb.com/title/tt0077416/,movie,8.1,183,1978,"Drama, War",338678,1978-12-08,Michael Cimino,,
188,tt2278388,2022-10-19,2022-10-19,,The Grand Budapest Hotel,https://www.imdb.com/title/tt2278388/,movie,8.1,99,2014,"Adventure, Comedy, Crime",801284,2014-02-06,Wes Anderson,,
189,tt0107207,2022-10-19,2022-10-19,,In the Name of the Father,https://www.imdb.com/title/tt0107207/,movie,8.1,133,1993,"Biography, Crime, Drama",174974,1993-12-12,Jim Sheridan,,
190,tt0072684,2022-10-19,2022-10-19,,Barry Lyndon,https://www.imdb.com/title/tt0072684/,movie,8.1,185,1975,"Adventure, Drama, War",167627,1975-12-11,Stanley Kubrick,,
191,tt0046268,2022-10-19,2022-10-19,,Le salaire de la peur,https://www.imdb.com/title/tt0046268/,movie,8.2,131,1953,"Adventure, Drama, Thriller",61345,1953-04-15,Henri-Georges Clouzot,,
192,tt0015324,2022-10-19,2022-10-19,,Sherlock Jr.,https://www.imdb.com/title/tt0015324/,movie,8.2,45,1924,"Action, Comedy, Romance",50177,1924-04-17,Buster Keaton,,
193,tt0031679,2022-10-19,2022-10-19,,Mr. Smith Goes to Washington,https://www.imdb.com/title/tt0031679/,movie,8.1,129,1939,"Comedy, Drama",115848,1939-10-17,Frank Capra,,
194,tt0353969,2022-10-19,2022-10-19,,Salinui chueok,https://www.imdb.com/title/tt0353969/,movie,8.1,131,2003,"Crime, Drama, Mystery, Thriller",182096,2003-05-02,Bong Joon Ho,,
195,tt2119532,2022-10-19,2022-10-19,,Hacksaw Ridge,https://www.imdb.com/title/tt2119532/,movie,8.1,139,2016,"Biography, Drama, History, War",519794,2016-09-04,Mel Gibson,,
196,tt4729430,2022-10-19,2022-10-19,,Klaus,https://www.imdb.com/title/tt4729430/,movie,8.1,96,2019,"Animation, Adventure, Comedy, Family, Fantasy",147782,2019-11-08,"Carlos Martínez López, Sergio Pablos",,
197,tt3011894,2022-10-19,2022-10-19,,Relatos salvajes,https://www.imdb.com/title/tt3011894/,movie,8.1,122,2014,"Comedy, Drama, Thriller",197858,2014-05-17,Damián Szifron,,
198,tt0050976,2022-10-19,2022-10-19,,Det sjunde inseglet,https://www.imdb.com/title/tt0050976/,movie,8.1,96,1957,"Drama, Fantasy",185114,1957-02-16,Ingmar Bergman,,
199,tt3170832,2022-10-19,2022-10-19,,Room,https://www.imdb.com/title/tt3170832/,movie,8.1,118,2015,"Drama, Thriller",418799,2015-09-04,Lenny Abrahamson,,
200,tt1392190,2022-10-19,2022-10-19,,Mad Max: Fury Road,https://www.imdb.com/title/tt1392190/,movie,8.1,120,2015,"Action, Adventure, Sci-Fi, Thriller",993516,2015-05-07,George Miller,,
201,tt0978762,2022-10-19,2022-10-19,,Mary and Max.,https://www.imdb.com/title/tt0978762/,movie,8.1,92,2009,"Animation, Comedy, Drama",177293,2009-01-15,Adam Elliot,,
202,tt0892769,2022-10-19,2022-10-19,,How to Train Your Dragon,https://www.imdb.com/title/tt0892769/,movie,8.1,98,2010,"Animation, Action, Adventure, Comedy, Family, Fantasy",735460,2010-03-18,"Dean DeBlois, Chris Sanders",,
203,tt0118715,2022-10-19,2022-10-19,,The Big Lebowski,https://www.imdb.com/title/tt0118715/,movie,8.1,117,1998,"Comedy, Crime",804089,1998-01-18,"Ethan Coen, Joel Coen",,
204,tt0198781,2022-10-19,2022-10-19,,"Monsters, Inc.",https://www.imdb.com/title/tt0198781/,movie,8.1,92,2001,"Animation, Adventure, Comedy, Family, Fantasy",902611,2001-10-28,"Pete Docter, David Silverman, Lee Unkrich",,
205,tt0073195,2022-10-19,2022-10-19,,Jaws,https://www.imdb.com/title/tt0073195/,movie,8.1,124,1975,"Adventure, Thriller",602614,1975-06-20,Steven Spielberg,,
206,tt0046438,2022-10-19,2022-10-19,,Tôkyô monogatari,https://www.imdb.com/title/tt0046438/,movie,8.2,136,1953,Drama,61868,1953-11-03,Yasujirô Ozu,,
207,tt0019254,2022-10-19,2022-10-19,,La passion de Jeanne d'Arc,https://www.imdb.com/title/tt0019254/,movie,8.2,110,1928,"Biography, Drama, History",54970,1928-04-21,Carl Theodor Dreyer,,
208,tt0097165,2022-10-19,2022-10-19,,Dead Poets Society,https://www.imdb.com/title/tt0097165/,movie,8.1,128,1989,"Comedy, Drama",486669,1989-06-02,Peter Weir,,
209,tt0395169,2022-10-19,2022-10-19,,Hotel Rwanda,https://www.imdb.com/title/tt0395169/,movie,8.1,121,2004,"Biography, Drama, History, War",355331,2004-09-11,Terry George,,
210,tt1950186,2022-10-19,2022-10-19,,Ford v Ferrari,https://www.imdb.com/title/tt1950186/,movie,8.1,152,2019,"Action, Biography, Drama, Sport",387007,2019-08-30,James Mangold,,
211,tt0075148,2022-10-19,2022-10-19,,Rocky,https://www.imdb.com/title/tt0075148/,movie,8.1,120,1976,"Drama, Sport",572371,1976-11-20,John G. Avildsen,,
212,tt0091763,2022-10-19,2022-10-19,,Platoon,https://www.imdb.com/title/tt0091763/,movie,8.1,120,1986,"Drama, War",413237,1986-12-19,Oliver Stone,,
213,tt6710474,2022-10-19,2022-10-19,,Everything Everywhere All at Once,https://www.imdb.com/title/tt6710474/,movie,8.1,139,2022,"Action, Adventure, Comedy, Fantasy, Sci-Fi",222442,2022-03-11,"Dan Kwan, Daniel Scheinert",,
214,tt0048473,2022-10-19,2022-10-19,,Pather Panchali,https://www.imdb.com/title/tt0048473/,movie,8.3,125,1955,Drama,33071,1955-08-26,Satyajit Ray,,
215,tt0092005,2022-10-19,2022-10-19,,Stand by Me,https://www.imdb.com/title/tt0092005/,movie,8.1,89,1986,"Adventure, Drama",402199,1986-08-06,Rob Reiner,,
216,tt0088247,2022-10-19,2022-10-19,,The Terminator,https://www.imdb.com/title/tt0088247/,movie,8.1,107,1984,"Action, Sci-Fi",859699,1984-10-26,James Cameron,,
217,tt1895587,2022-10-19,2022-10-19,,Spotlight,https://www.imdb.com/title/tt1895587/,movie,8.1,129,2015,"Biography, Crime, Drama",467835,2015-09-03,Tom McCarthy,,
218,tt1979320,2022-10-19,2022-10-19,,Rush,https://www.imdb.com/title/tt1979320/,movie,8.1,123,2013,"Action, Biography, Drama, Sport",477978,2013-09-02,Ron Howard,,
219,tt3315342,2022-10-19,2022-10-19,,Logan,https://www.imdb.com/title/tt3315342/,movie,8.1,137,2017,"Action, Drama, Sci-Fi, Thriller",755023,2017-02-17,James Mangold,,
220,tt0382932,2022-10-19,2022-10-19,,Ratatouille,https://www.imdb.com/title/tt0382932/,movie,8.1,111,2007,"Animation, Adventure, Comedy, Family, Fantasy",728925,2007-06-22,"Brad Bird, Jan Pinkava",,
221,tt0074958,2022-10-19,2022-10-19,,Network,https://www.imdb.com/title/tt0074958/,movie,8.1,121,1976,Drama,159719,1976-11-14,Sidney Lumet,,
222,tt0758758,2022-10-19,2022-10-19,,Into the Wild,https://www.imdb.com/title/tt0758758/,movie,8.1,148,2007,"Adventure, Biography, Drama",621170,2007-09-01,Sean Penn,,
223,tt0032138,2022-10-19,2022-10-19,,The Wizard of Oz,https://www.imdb.com/title/tt0032138/,movie,8.1,102,1939,"Adventure, Family, Fantasy, Musical",398256,1939-08-10,"Mervyn LeRoy, George Cukor, Norman Taurog, King Vidor, Victor Fleming, Richard Thorpe",,
224,tt0381681,2022-10-19,2022-10-19,,Before Sunset,https://www.imdb.com/title/tt0381681/,movie,8.1,80,2004,"Drama, Romance",263398,2004-02-10,Richard Linklater,,
225,tt0107048,2022-10-19,2022-10-19,,Groundhog Day,https://www.imdb.com/title/tt0107048/,movie,8.1,101,1993,"Comedy, Drama, Fantasy, Romance",627797,1993-02-04,Harold Ramis,,
226,tt0070047,2022-10-19,2022-10-19,,The Exorcist,https://www.imdb.com/title/tt0070047/,movie,8.1,122,1973,Horror,404279,1973-12-26,William Friedkin,,
227,tt0036868,2022-10-19,2022-10-19,,The Best Years of Our Lives,https://www.imdb.com/title/tt0036868/,movie,8.1,170,1946,"Drama, Romance, War",64745,1946-11-21,William Wyler,,
228,tt0035446,2022-10-19,2022-10-19,,To Be or Not to Be,https://www.imdb.com/title/tt0035446/,movie,8.2,99,1942,"Comedy, Romance, War",37506,1942-02-19,Ernst Lubitsch,,
229,tt15097216,2022-10-19,2022-10-19,,Jai Bhim,https://www.imdb.com/title/tt15097216/,movie,8.9,164,2021,"Crime, Drama, Mystery",199498,2021-11-01,T.J. Gnanavel,,
230,tt0317705,2022-10-19,2022-10-19,,The Incredibles,https://www.imdb.com/title/tt0317705/,movie,8.0,115,2004,"Animation, Action, Adventure, Family",731472,2004-10-27,Brad Bird,,
231,tt1028532,2022-10-19,2022-10-19,,Hachi: A Dog's Tale,https://www.imdb.com/title/tt1028532/,movie,8.1,93,2009,"Biography, Drama, Family",284080,2009-06-13,Lasse Hallström,,
232,tt0032551,2022-10-19,2022-10-19,,The Grapes of Wrath,https://www.imdb.com/title/tt0032551/,movie,8.1,129,1940,Drama,93476,1940-01-24,John Ford,,
233,tt0032976,2022-10-19,2022-10-19,,Rebecca,https://www.imdb.com/title/tt0032976/,movie,8.1,130,1940,"Drama, Film-Noir, Mystery, Romance, Thriller",137358,1940-03-21,Alfred Hitchcock,,
234,tt0058946,2022-10-19,2022-10-19,,La battaglia di Algeri,https://www.imdb.com/title/tt0058946/,movie,8.1,121,1966,"Drama, War",60377,1966-08-31,Gillo Pontecorvo,,
235,tt0245712,2022-10-19,2022-10-19,,Amores perros,https://www.imdb.com/title/tt0245712/,movie,8.1,154,2000,"Drama, Thriller",240440,2000-05-14,Alejandro G. Iñárritu,,
236,tt0476735,2022-10-19,2022-10-19,,Babam ve Oglum,https://www.imdb.com/title/tt0476735/,movie,8.2,112,2005,"Drama, Family",86817,2005-11-18,Cagan Irmak,,
237,tt0325980,2022-10-19,2022-10-19,,Pirates of the Caribbean: The Curse of the Black Pearl,https://www.imdb.com/title/tt0325980/,movie,8.1,143,2003,"Action, Adventure, Fantasy",1119488,2003-06-28,Gore Verbinski,,
238,tt0113247,2022-10-19,2022-10-19,,La haine,https://www.imdb.com/title/tt0113247/,movie,8.1,98,1995,"Crime, Drama",173198,1995-05-27,Mathieu Kassovitz,,
239,tt0061512,2022-10-19,2022-10-19,,Cool Hand Luke,https://www.imdb.com/title/tt0061512/,movie,8.1,127,1967,"Crime, Drama",177344,1967-11-01,Stuart Rosenberg,,
240,tt0053198,2022-10-19,2022-10-19,,Les quatre cents coups,https://www.imdb.com/title/tt0053198/,movie,8.1,99,1959,"Crime, Drama",118028,1959-05-04,François Truffaut,,
241,tt0060827,2022-10-19,2022-10-19,,Persona,https://www.imdb.com/title/tt0060827/,movie,8.1,85,1966,"Drama, Thriller",118694,1966-10-18,Ingmar Bergman,,
242,tt0025316,2022-10-19,2022-10-19,,It Happened One Night,https://www.imdb.com/title/tt0025316/,movie,8.1,105,1934,"Comedy, Romance",104098,1934-02-18,Frank Capra,,
243,tt4016934,2022-10-19,2022-10-19,,Ah-ga-ssi,https://www.imdb.com/title/tt4016934/,movie,8.1,145,2016,"Drama, Romance, Thriller",145972,2016-05-14,Park Chan-wook,,
244,tt0079470,2022-10-19,2022-10-19,,Life of Brian,https://www.imdb.com/title/tt0079470/,movie,8.0,94,1979,Comedy,398892,1979-08-17,Terry Jones,,
245,tt0059742,2022-10-19,2022-10-19,,The Sound of Music,https://www.imdb.com/title/tt0059742/,movie,8.1,172,1965,"Biography, Drama, Family, Musical, Romance",233530,1965-03-02,Robert Wise,,
246,tt0071411,2022-10-19,2022-10-19,,Dersu Uzala,https://www.imdb.com/title/tt0071411/,movie,8.2,142,1975,"Adventure, Biography, Drama",29786,1975-07-31,Akira Kurosawa,,
247,tt1454029,2022-10-19,2022-10-19,,The Help,https://www.imdb.com/title/tt1454029/,movie,8.1,146,2011,Drama,457798,2011-08-09,Tate Taylor,,
248,tt0083987,2022-10-19,2022-10-19,,Gandhi,https://www.imdb.com/title/tt0083987/,movie,8.1,191,1982,"Biography, Drama",231603,1982-11-30,Richard Attenborough,,
249,tt0103639,2022-10-19,2022-10-19,,Aladdin,https://www.imdb.com/title/tt0103639/,movie,8.0,90,1992,"Animation, Adventure, Comedy, Family, Fantasy, Musical, Romance",416976,1992-11-08,"Ron Clements, John Musker",,
250,tt0129167,2022-10-19,2022-10-19,,The Iron Giant,https://www.imdb.com/title/tt0129167/,movie,8.1,86,1999,"Animation, Action, Adventure, Comedy, Drama, Family, Sci-Fi",196283,1999-07-31,Brad Bird,,
